index,mid,display_name
0,/m/07rwj01,rooster
1,/m/07rwj02,pig
2,/m/07rwj04,frog
3,/m/07rwj05,cat
4,/m/07rwj07,insects
5,/m/07rwj08,sheep
6,/m/07rwj10,rain
7,/m/07rwj11,sea_waves
8,/m/07rwj13,crickets
9,/m/07rwj14,chirping_birds
10,/m/07rwj15,water_drops
11,/m/07rwj16,wind
12,/m/07rwj17,pouring_water
13,/m/07rwj18,toilet_flush
14,/m/07rwj20,crying_baby
15,/m/07rwj22,clapping
16,/m/07rwj25,footsteps
17,/m/07rwj26,laughing
18,/m/07rwj27,brushing_teeth
19,/m/07rwj28,snoring
20,/m/07rwj29,drinking_sipping
21,/m/07rwj30,door_wood_knock
22,/m/07rwj31,mouse_click
23,/m/07rwj32,keyboard_typing
24,/m/07rwj33,door_wood_creaks
25,/m/07rwj34,can_opening
26,/m/07rwj35,washing_machine
27,/m/07rwj38,clock_tick
28,/m/07rwj40,helicopter
29,/m/07rwj41,chainsaw
30,/m/07rwj42,siren
31,/m/07rwj43,car_horn
32,/m/07rwj45,train
33,/m/07rwj48,fireworks
34,/m/07rwj49,hand_saw
